PRACTICE -2

mysql> select* from salespeople;
+------+--------+----------+------+
| snum | sname  | city     | comm |
+------+--------+----------+------+
| 1001 | Peel   | London   |    0 |
| 1002 | Serres | London   |    0 |
| 1003 | Serres | San Jose |    0 |
| 1004 | Motika | San Jose |    0 |
| 1005 | Motika | London   |    0 |
+------+--------+----------+------+

mysql> select* from customer;
+------+---------+--------+------+
| cnum | cname   | rating | snum |
+------+---------+--------+------+
| 2001 | Hoffman |    100 | 1001 |
| 2002 | ramn    |    100 | 1003 |
| 2003 | krishna |    200 | 1002 |
| 2004 | krish   |    500 | 1005 |
| 2005 | prasad  |    300 | 1004 |
+------+---------+--------+------+

mysql> select* from orders;
+------+------+------------+------+
| onum | amt  | odate      | cnum |
+------+------+------------+------+
| 3001 |   20 | 2021-03-10 | 2002 |
| 3002 |  300 | 2021-04-10 | 2001 |
| 3003 |  300 | 2021-04-20 | 2003 |
| 3004 | 1000 | 2021-05-20 | 2002 |
| 3005 |  100 | 2021-05-20 | 2005 |
+------+------+------------+------+

-----------------------------------------------------------------------------------------------------------------------
1. List all the columns of the Salespeople table.

mysql> select * from salespeople;
+------+--------+----------+------+
| snum | sname  | city     | comm |
+------+--------+----------+------+
| 1001 | Peel   | London   |    0 |
| 1002 | Serres | London   |    0 |
| 1003 | Serres | San Jose |    0 |
| 1004 | Motika | San Jose |    0 |
| 1005 | Motika | London   |    0 |
+------+--------+----------+------+
5 rows in set (0.00 sec)

2. List all customers with a rating of 100.

mysql> select * from customer where rating=100;
+------+---------+--------+------+
| cnum | cname   | rating | snum |
+------+---------+--------+------+
| 2001 | Hoffman |    100 | 1001 |
| 2002 | ramn    |    100 | 1003 |
+------+---------+--------+------+
2 rows in set (0.00 sec)


3. Find all records in the Customer table with NULL values in the city column.

mysql> select count(*) from customer where city=NULL;

4. Find the largest order taken by each salesperson on each date.

mysql> select s.snum,o.odate,max(o.amt) from salespeople s join customer c join orders o on s.snum=c.snum and c.cnum=o.cnum group by odate,snum;
+------+------------+------------+
| snum | odate      | max(o.amt) |
+------+------------+------------+
| 1003 | 2021-03-10 |         20 |
| 1001 | 2021-04-10 |        300 |
| 1002 | 2021-04-20 |        300 |
| 1003 | 2021-05-20 |       1000 |
| 1004 | 2021-05-20 |        100 |
+------+------------+------------+
5 rows in set (0.01 sec)

5. Arrange the Orders table by descending customer number.

mysql> select * from orders order by cnum desc;
+------+------+------------+------+
| onum | amt  | odate      | cnum |
+------+------+------------+------+
| 3005 |  100 | 2021-05-20 | 2005 |
| 3003 |  300 | 2021-04-20 | 2003 |
| 3001 |   20 | 2021-03-10 | 2002 |
| 3004 | 1000 | 2021-05-20 | 2002 |
| 3002 |  300 | 2021-04-10 | 2001 |
+------+------+------------+------+
5 rows in set (0.01 sec)

6. Find which salespeople currently have orders in the Orders table.

mysql> select sname from salespeople where snum in(select snum from orders);
+--------+
| sname  |
+--------+
| Peel   |
| Serres |
| Serres |
| Motika |
| Motika |
+--------+
5 rows in set (0.01 sec)

7. List names of all customers matched with the salespeople serving them.

mysql> select cname from customer where snum in(select snum from salespeople);
+---------+
| cname   |
+---------+
| Hoffman |
| ramn    |
| krishna |
| krish   |
| prasad  |
+---------+
5 rows in set (0.00 sec)

8. Find the names and numbers of all salespeople who had more than one customer.

mysql> select sname,snum from salespeople where snum in(select snum from customer group by snum having count(snum)>1);
Empty set (0.07 sec)

9. Count the orders of each of the salespeople and output the results in descending order.


mysql> select s.snum,count(o.onum) as count from salespeople s join customer c join orders o on s.snum=c.snum and c.cnum=o.cnum group by snum order by count desc;
+------+-------+
| snum | count |
+------+-------+
| 1003 |     2 |
| 1001 |     1 |
| 1002 |     1 |
| 1004 |     1 |
+------+-------+
4 rows in set (0.00 sec)

10. List the Customer table if and only if one or more of the customers in the Customer table are
located in San Jose.

mysql>select * from customer where city in(select city from customers where city="San Jose" group by city having count(city)>1);




